{"M": 4, "T": 8, "B": 2, "c": {"1": 1604.9638358370162, "2": 1644.7146262519957, "3": 1659.8807642476247, "4": 1203.6550779803274}, "S": {"1": 2, "2": 1, "3": 3, "4": 2, "5": 1, "6": 2, "7": 1, "8": 2}, "Tb": {"1": 2, "2": 2}, "UAT_values": {"1": 10, "2": 10, "3": 10, "4": 10, "5": 10, "6": 10, "7": 10, "8": 10}, "cobus_capacity": 70, "peakbus_capacity": 50, "h": {"1": {"1": 1, "2": 0, "3": 1, "4": 0}, "2": {"1": 0, "2": 1, "3": 1, "4": 0}, "3": {"1": 1, "2": 1, "3": 1, "4": 0}, "4": {"1": 0, "2": 0, "3": 0, "4": 1}, "5": {"1": 1, "2": 0, "3": 0, "4": 0}, "6": {"1": 0, "2": 1, "3": 0, "4": 0}, "7": {"1": 0, "2": 0, "3": 1, "4": 0}, "8": {"1": 0, "2": 0, "3": 0, "4": 1}}}